"product_distribution_center_id","items_sold","revenue"
3,"22722","1579721.8303918839"
1,"24139","1418119.3427742645"
2,"23952","1332911.201351881"
8,"18556","1263448.4115509987"
7,"16764","1072491.791646719"
4,"17294","945755.2725949287"
6,"16276","933279.920977354"
5,"13221","819449.9912586212"
10,"11928","795317.3199110031"
9,"16907","666623.8292925358"
