"distribution_center_id","total_items","inventory_value"
3,"3667","119418.97535907292"
1,"3891","108036.4169083067"
2,"3929","103525.94298817859"
8,"2919","94692.38382581544"
7,"2669","84785.53031998099"
4,"2761","73464.71700431938"
6,"2572","70956.12233544224"
10,"1881","61344.34217701104"
5,"2112","60499.50886815325"
9,"2719","52665.3260952444"
