distribution_center,inventory_items,total_value
Houston TX,61218,1992143.80412063
Memphis TN,65116,1817179.43931967
Chicago IL,64522,1707143.53286285
Mobile AL,50152,1672566.14725446
Philadelphia PA,45377,1426545.85515071
Los Angeles CA,46709,1237844.78204713
Port Authority of New York/New Jersey NY/NJ,43962,1216578.10180631
Savannah GA,32269,1060770.04019541
New Orleans LA,35803,1045270.48962769
Charleston SC,45577,887065.602517423
